Hai Nguyen|Phuoc Hoa|Ngoc Tran|Vinh Nhi|Binh Hao|Huynh Dung| Van Chien|Thanh Th?y|Mai Hien|Mai Ngoc|Thao Nguyen|Huynh Vy|Ba Duy Nam|Thuy Linh Linh|Huyen Tram Anh|Ngoc Ngoc|Hoang Thi Quyen|Bich Diep|Thanh Ha Ha|Hoa Phuong|Truc Ngoc|Tram Anh|Trang Oanh Nguyen|My Nguyen|Nhu Lai|Tran Thi Lai|Kim Van|Phuc Loc|Phuong Hoa|Cat Uy|Gia Uy|Vu Uy|Danh Van|Khanh Van|Kien Van|Quoc Van|Khoi Vi|Trieu Vi|Lam Vien|Anh Viet|Dung Viet|Hoai Viet|Hoang Viet|Hong Viet|Huy Viet|Khac Viet|Nam Viet|Phung Viet|Quoc Viet|Trong Viet|Trung Viet|Tuan Viet|Vuong Viet|Cong Vinh|Gia Vinh|Hong Vinh|Quang Vinh|Quoc Vinh|Thanh Vinh|Thanh Vinh|The Vinh|Trong Vinh|Truong Vinh|Tuong Vinh|Huu Vinh|Quy Vinh|Chi Vinh|Long Vinh|Tien Vo|Anh Vu|Hiep Vu|Huy Vu|Khac Vu|Lam Vu|Minh Vu|Quang Vu|Quoc Vu|Thanh Vu|Truong Vu|Uy Vu|Xuan Vu|Hoang Vuong|Minh Vuong|Huu Vuong|Minh Thac|Bao Thach|Duy Thach|Ngoc Thach|Quang Thach|Anh Thai|Bao Thai|Hoa Thai|Hoang Thai|Minh Thai|Quang Thai|Trieu Thai|Viet Thai|Xuan Thai|Chien Thang|Ðinh Thang|Ðuc Thang|Duy Thang|Huu Thang|Manh Thang|Minh Thang|Quang Thang|Quoc Thang|Quyet Thang|Toan Thang|Tri Thang|Van Thang|Viet Thang|Chi Thanh|Duy Thanh|Hoai Thanh|Nam Thanh|Thien Thanh|Viet Thanh|Ba Thanh|Chi Thanh|Cong Thanh|Ðac Thanh|Danh Thanh|Ðuc Thanh|Duy Thanh|Huy Thanh|Khac Thanh|Lap Than|Quoc Thanh|Tan Thanh|Tan Thanh|Thuan Thanh|Trieu Thanh|Trung Thanh|Truong Thanh|Tuan Thanh|Thanh The|Giang Thien|Quang Thien|Thanh Thien|An Thien|Ba Thien|Ðinh Thien\Gia Thien|Huu Thien|Manh Thien|Minh Thien|Ngoc Thien|Phuoc Thien|Quoc Thien|Tam Thien|Thanh Thien|Xuan Thien|Ba Thinh|Cuong Thinh|Gia Thinh|Hong Thinh|Hung Thinh|Kim Thinh|Nhat Thinh|Phu Thinh|Phuc Thinh|Quang Thinh|Quoc Thinh|Cao Tho|Ðuc Tho|Huu Tho|Ngoc Tho|Vinh Tho|Duy Thong|Hieu Thong|Huy Thong|Kim Thong|Minh Thong|Nam Thong|Quang Thong|Quoc Thong|Van Thong|Viet Thong|Ðai Thong|Huu Thong|Chinh Thuan|Minh Thuan|Ngoc Thuan|Quang Thuan|Thanh Thuan|Hai Thuy|Hong Thuy|Vinh Thuy|Xuan Thuyet|Anh Tai|Ðuc Ta|Huu Tai|Luong Tai|Quang Tai|Tan Tai|Tuan Tai|Ðuc Tam|Duy Tam|Huu Tam|Khai Tam|Phuc Tam|Thien Tam|Duy Tan|Huu Tan|Minh Tai|Thai Tan|Manh Tan|Nhat Tan|Trong Tan|Cao Tien|Minh Tien|Nhat Tien|Nhat Tien|Quoc Tien|Viet Tien|Bao Tin|Hoai Tin|Thanh Tin|Bao Toan|Ðinh Toan|Ðuc Toan|Huu Toan|Kim Toan|Minh Toan|Thanh Toan|Thuan Toan|Vinh Toan|Ðuc Toan|Quoc Toan|Thanh Toan|Huu Trac|Cong Trang|Ðuc Tri|Dung Tri|Huu Tri|Minh Tri|Thien Tri|Trong Tri|Minh Triet|Phuong Trieu|Quang Trieu|Vuong Trieu|Khac Trieu|Minh Trieu|Quang Trieu|Vuong Trieu|Tan Trinh|Ðac Trong|Khac Trong|Quang Trong|Ngoc Truc|Quoc Truc|Ðinh Trung|Ðuc Trung|Hoai Trung|Huu Trung|Kien Trung|Minh Trung|Quang Trung|Quoc Trung|Thanh Trung|Thanh Trung|The Trung|Tuan Trung|Xuan Trung|Tan Truong|Lam Truong|Manh Truong|Quang Truong|Quoc Truong|Xuan Truong|Anh Tu|Minh Tu|Nam Tu|Quang Tu|Thanh Tu|Tuan Tu|Huu Tu|Anh Tuan|Canh Tuan|Cong Tuan|Ðinh Tuan|Ðuc Tuan|Huy Tuan|Khac Tuan|Khai Tuan|Manh Tuan|Minh Tuan|Ngoc Tuan|Quang Tuan|Quoc Tuan|Thanh Tuan|Ðuc Tue|Anh Tung|Ba Tung|Son Tung|Thach Tung|Thanh Tung|An Tuong|Ðuc Tuong|Huu Tuong|Huy Tuong|Manh Tuong|The Tuong|Thai San|Ðinh Sang|Thai Sang|Thanh Sang|Quang Sang|Ðuc Sieu|Cong Sinh|Ðuc Sinh|Phuc Sinh|Tan Sinh|Thien Sinh|Anh Son|Bao Son|Cao Son|Chi Son|Cong Son|Danh Son|Ðong Son|Giang Son|Hai Son|Hong Son|Hung Son|Kim Son|Minh Son|Nam Son|Ngoc Son|Phuoc Son|Thai Son|Thanh Son|The Son|Truong Son|Van Son|Viet Son|Viet Son|Xuan Son|Cao Sy|Tuan Sy|Hoang Phat|Hong Phat|Tan Phat|Truong Phat|Tuong Phat|Ðuc Phi|Khanh Phi|Nam Phi|Thanh Phi|Cao Phong|Chan Phong|Chieu Phong|Ðong Phong|Ðuc Phong|Gia Phong|Hai Phong|Hieu Phong|Hoai Phong|Hung Phong|Huy Phong|Khoi Phong|Nguyen Phong|Quoc Phong|Thanh Phong|Thuan Phong|Uy Phong|Viet Phong|Ðinh Phu|Ðuc Phu|Kim Phu|Sy Phu|Thien Phu|Ðinh Phuc|Gia Phuc|Lac Phuc|The Phuc|Truong Phuc|Xuan Phuc|Cong Phung|Ba Phuoc|Gia Phuoc|Huu Phuoc|Tan Phuoc|Thien Phuoc|Che Phuong|Ðong Phuong|Lam Phuong|Nam Phuong|Quoc Phuong|Thanh Phuong|The Phuong|Thuan Phuong|Vien Phuong|Viet Phuong|Anh Quan|Binh Quan|Chieu Quan|Ðong Quan|Hai Quan|Hoang Quan|Long Quan|Minh Quan|Nhat Quan|Quoc Quan|Son Quan|Dang Quang|Ðuc Quang|Duy Quang|Hong Quang|Huy Quang|Minh Quang|Ngoc Quang|Nhat Quang|Thanh Quang|Tung Quang|Ðinh Quang|Ðuc Quang|Anh Quoc|Bao Quoc|Minh Quoc|Nhat Quoc|Viet Quoc|Vinh Quoc|Hong Quy|Minh Quy|Xuan Quy|Ðuc Quyen|Luong Quyen|Son Quyen|The Quyen|Ngoc Quyet|Viet Quyet|Manh Quynh|An Nam|Chi Nam|Ðinh Nam|Giang Nam|Hai Nam|Ho Nam|Hoai Nam|Hoang Nam|Huu Nam|Khanh Nam|Nhat Nam|Phuong Nam|Tan Nam|Truong Nam|Xuan Nam|Ngoc Ngan|Gia Nghi|Hieu Nghi|Huu Nghia|Minh Nghia|Trong Nghia|Trung Nghia|Manh Nghiem|Cao Nghiep|Hao Nghiep|Ðai Ngoc|Hung Ngoc|Tuan Ngoc|Viet Ngoc|Duy Ngon|Hoang Ngon|Thien Ngon|An Nguyen|Binh Nguyen|Ðinh Nguyen|Ðong Nguyen|Hai Nguyen|Khoi Nguyen|Nhan Nguyen|Phuc Nguyen|Phuoc Nguyen|Thanh Nguyen|Trung Nguyen|Tuong Nguyen|Ðinh Nhan|Ðuc Nhan|Minh Nhan|Thien Nhan|Phuoc Nhan|Quang Nhan|Thanh Nhan|Thu Nhan|Trong Nhan|Trung Nhan|Truong Nhan|Viet Nhan|Thong Nhat|Hong Nhat|Minh Nhat|Nam Nhat|Quang Nhat|Hao Nhien|An Ninh|Khac Ninh|Quang Ninh|Xuan Ninh|Ðuc Manh|Duy Manh|Quoc Manh|Thien Manh|Thuy Mien|Anh Minh|Binh Minh|Cao Minh|Chieu Minh|Ðang Minh|Ðuc Minh|Duy Minh|Gia Minh|Hoang Minh|Hong Minh|Hieu Minh|Huu Minh|Khac Minh|Khanh Minh|Ngoc Minh|Nhat Minh|Quang Minh|Quoc Minh|Thai Minh|Thanh Minh|The Minh|Thien Minh|Tri Minh|Tuan Minh|Tung Minh|Tuong Minh|Van Minh|Vu Minh|Xuan Minh|Hoang My|Quoc My|Kim Quyen|Phuoc Thien|Quynh Tran|Vinh|Binh|Huynh Ngoc Dung| Van|Thanh Bich|Thu Hien|Bao Ngoc|Thao|Huynh Truc Vy|Ba Duy|Thuy Linh|Huyen Tram|Ngoc Hoa|Hoang Quyen|Ngoc Diep|Thanh Ha|Hoang Phuong|Truc Ly|Tram|Trang Oanh|My|Nhu|Lai|Kim|Phuc|Phuong|Dieu Ai|Bao Anh|My Anh|Tram Anh|Kha Ai|Diep Anh|Ngoc Anh|Trang Anh|Ngoc Ai|Dieu Anh|Nguyet Anh|Tu Anh|Hoai An|Hai Anh|Nhu Anh|Tuyet Anh|Hue An|Hong Anh|Phuong Anh|Van Anh|Minh An|Huyen Anh|Que Anh|Yen Anh|Phuong An|Kieu Anh|Quynh Anh|Kim Anh|Thanh An|Hue An|Mai Anh|Thuy Anh|Nhat Anh|Minh Anh|Bang Bang|Ngoc Cam|Le Bang|Nguyet Cam|Tuyet Bang|Thi Cam|Nhu Bao|Bao Chau|Gia Bao|Bich Chau|Xuan Bao|Diem Chau|Ngoc Bich|Hai Chau|An Binh|Hoan Chau|Thai Binh|Hong Chau|Son Ca|Linh Chau|Loan Chau|Lan Chi|Ly Chau|Le Chi|Mai Chau|Linh Chi|Minh Chau|Mai Chi|Tran Chau|Phuong Chi|Diep Chi|Que Chi|Diem Chi|Quynh Chi|Hanh Chi|Bich Chieu|Khanh Chi|Hoang Cuc|Kim Chi|Kim Cuong|Tam Dan|Thanh Dan|Linh Ðan|Quynh Dao|Anh Ðao|Bich Ðao|Hong Ðao|Ngoc Ðao|Thuc Ðao|Truc Ðao|An Di|Thien Di|Hong Diem|Kieu Diem|Phuong Diem|Thuy Diem|Bich Diep|Hong Diep|Ngoc Diep|Bich Ðiep|Hong Ðiep|Mong Ðiep|Ngoc Ðiep|Huyen Dieu|Tam Ðoan|Thuc Ðoan|Hanh Dung|Kieu Dung|Kim Dung|My Dung|Nghi Dung|Ngoc Dung|Phuong Dung|Quynh Dung|Thuy Dung|Anh Duong|Chieu Duong|Thuy Duong|Hai Ðuong|Bich Duyen|Ky Duyen|Linh Duyen|Minh Duyen|My Duyen|Thu Duyen|Kim Anh|Thuc Anh|Ngoc Anh|Hai An|Lan Anh|Thuy Anh|Nguyet Anh|Ha Giang|Hoai Giang|Huong Giang|Kieu Giang|Linh Giang|Phuong Giang|Quynh Giang|Thanh Giang|Thien Giang|Thu Giang|Thuy Giang|Hong Giang|Tra Giang|Khanh Giao|Quynh Giao|Bao Ha|Bich Hanh|Phuong Hoa|Diem Huong|Bich Ha|Cam Hanh|Quynh Hoa|Dieu Huong|Hoang Ha|Diem Hanh|Thanh Hoa|Ðinh Huong|Hong Ha|Hieu Hanh|Tuyet Hoa|Hoai Huong|Khanh Ha|Hong Hanh|Xuan Hoa|Hue Huong|Lam Ha|Kieu Hanh|Kim Hoa|Kim Huong|Linh Ha|Minh Hanh|Thu Hoai|Lan Huong|Mai Ha|My Hanh|Ngoc Hoan|Lien Huong|Minh Ha|Phuong Hanh|My Hoan|Mai Huong|Ngan Ha|Thuy Hanh|Ngoc Hoan|Minh Huong|Ngoc Ha|Bich Hao|Ai Hong|Mong Huong|Nguyet Ha|Thanh Hao|Anh Hong|Nha Huong|Nhat Ha|Bich Hau|Bich Hong|Quynh Huong|Quynh Ha|Thu Hau|Dieu Hong|Thanh Huong|Thai Ha|Bich Hien|Minh Hong|Thao Huong|Thanh Ha|Dieu Hien|Nguyen Hong|Thien Huong|Thu Ha|Mai Hien|Nguyet Hong|Thuy Huong|Thuy Ha|Minh Hien|Nha Hong|Thu Huong|Van Ha|Ngoc Hien|Nhu Hong|Tuyet Huong|Viet Ha|Phuong Hien|Thai Hong|Van Huong|Thanh Hang|Mong Hoa|Anh Huong|Thu Huyen|Thu Hang|Ngoc Hoa|Da Huong|Thuy Huyen|Thuy Hang|Nhu Hoa|An Ha|Tam Hien|Thanh Hong|Viet Huong|Mai Ha|Thanh Hien|Thao Hong|Xuan Huong|Ngoc Ha|Thu Hien|Thu Hong|Cam Huong|Nhat Ha|Thuy Hien|Tuyet Hong|Thu Huong|Bich Hai|Xuan Hien|Vu Hong|Thanh Huong|Bao Han|Anh Hoa|Yen Hong|Thuy Huong|Gia Han|Bach Hoa|Bich Hop|Dieu Huyen|Ngoc Han|Dieu Hoa|Bao Hue|Khanh Huyen|Tuyet Han|Hong Hoa|Bich Hue|Le Huyen|Bich Hang|Kieu Hoa|Minh Hue|Minh Huyen|Diem Hang|Kim Hoa|My Hue|My Huyen|Dieu Hang|Le Hoa|Ngoc Hue|Ngoc Huyen|Minh Hang|Lien Hoa|Thu Hue|Thanh Huyen|